Series Name,"Series Code","Country Name","Country Code","1989 [YR1989]","1990 [YR1990]","1991 [YR1991]","1992 [YR1992]","1993 [YR1993]","1994 [YR1994]","1995 [YR1995]","1996 [YR1996]","1997 [YR1997]","1998 [YR1998]","1999 [YR1999]","2000 [YR2000]","2001 [YR2001]","2002 [YR2002]","2003 [YR2003]","2004 [YR2004]","2005 [YR2005]","2006 [YR2006]","2007 [YR2007]","2008 [YR2008]","2009 [YR2009]","2010 [YR2010]","2011 [YR2011]","2012 [YR2012]","2013 [YR2013]","2014 [YR2014]","2015 [YR2015]","2016 [YR2016]","2017 [YR2017]","2018 [YR2018]","2019 [YR2019]"
Individuals using the Internet (% of population),"IT.NET.USER.ZS","Afghanistan","AFG","NA","0","NA","NA","NA","NA","NA","NA","NA","NA","NA","NA","0.00472256824217368","0.00456139517022146","0.0878912528559713","0.105809030021958","1.22414808372471","2.10712364546412","1.9","1.84","3.55","4","5","5.45454545454545","5.9","7","8.26","11.2","13.5","NA","NA"
Individuals using the Internet (% of population),"IT.NET.USER.ZS","Albania","ALB","NA","0","NA","NA","NA","NA","0.011168695","0.032196828","0.048593919","0.06502737","0.081437045","0.114097346552109","0.325798377067964","0.39008127343332","0.971900415195857","2.42038779776014","6.04389086404814","9.60999131577118","15.0361154084109","23.86","41.2","45","49","54.6559590399494","57.2","60.1","63.252932696931","66.363444701023","71.8470405043844","NA","NA"
Individuals using the Internet (% of population),"IT.NET.USER.ZS","Algeria","DZA","NA","0","NA","NA","NA","0.000360674","0.001768954","0.001738533","0.010268463","0.020238555","0.199523843","0.491705679141589","0.646114016703792","1.59164126035832","2.19535973086144","4.63447508776537","5.84394209201256","7.37598495634886","9.45119062555304","10.18","11.23","12.5","14.9","18.2","22.5","29.5","38.2","42.9455268800332","47.6910551485548","49.0384680793271","NA"
Individuals using the Internet (% of population),"IT.NET.USER.ZS","American Samoa","ASM","NA","0","NA","NA","NA","NA","NA","NA","NA","NA","NA","NA","NA","NA","NA","NA","NA","NA","NA","NA","NA","NA","NA","NA","NA","NA","NA","NA","NA","NA","NA"
Individuals using the Internet (% of population),"IT.NET.USER.ZS","Andorra","AND","NA","0","NA","NA","NA","NA","NA","1.526601023","3.050175385","6.886209218","7.635686143","10.53883560922","NA","11.2604687170103","13.546412876439","26.8379543894637","37.6057662174867","48.9368469989479","70.87","70.04","78.53","81","81","86.4344246167258","94","95.9","96.91","97.9306371220021","91.5674670273926","NA","NA"
Individuals using the Internet (% of population),"IT.NET.USER.ZS","Angola","AGO","NA","0","NA","NA","NA","NA","NA","0.000775929","0.005673746","0.018453724","0.071964087","0.105045562462262","0.136013867429868","0.270376745595134","0.370682065225727","0.464814617985909","1.1433668265595","1.5","1.7","1.9","2.3","2.8","3.1","6.5","8.9","21.4","12.4","13","14.3390793643794","NA","NA"
Individuals using the Internet (% of population),"IT.NET.USER.ZS","Antigua and Barbuda","ATG","NA","0","NA","NA","NA","NA","2.200768802","2.858449577","3.480536838","4.0717165","5.300681138","6.48222573702907","8.89928551450583","12.5","17.2286487816884","24.2665437161785","27","30","34","38","42","47","52","58","63.4","67.78","70","73","76","NA","NA"
Individuals using the Internet (% of population),"IT.NET.USER.ZS","Argentina","ARG","NA","0","NA","0.002992874","0.029527065","0.043705951","0.086277081","0.141954704","0.280339882","0.83076668","3.284481956","7.0386830862178","9.78080728532407","10.8821243775325","11.9136965509954","16.0366841054923","17.7205833696065","20.9272021035896","25.9466329403819","28.1126234799907","34","45","51","55.8","59.9","64.7","68.0430641088122","70.96898082","74.29490687","NA","NA"
Individuals using the Internet (% of population),"IT.NET.USER.ZS","Armenia","ARM","NA","0","NA","NA","NA","0.009117014","0.052743123","0.094572902","0.111650935","0.128659478","0.970737757","1.30047002237784","1.63109466677715","1.9604050458212","4.57521722477781","4.8990085713054","5.25298335195804","5.63178777731609","6.02125339712607","6.21","15.3","25","32","37.5","41.9","54.6228058583362","59.1023777148789","64.34602977","64.7448843250726","NA","NA"
Individuals using the Internet (% of population),"IT.NET.USER.ZS","Aruba","ABW","NA","0","NA","NA","NA","NA","NA","2.768382663","NA","NA","4.506179098","15.4428229480349","17.1","18.8","20.8","23","25.4","28","30.9","52","58","62","69","74","78.9","83.78","88.661226932496","93.542453865048","97.17","NA","NA"
Individuals using the Internet (% of population),"IT.NET.USER.ZS","Australia","AUS","NA","0.585094712","1.097203891","1.768764913","1.974611016","2.232101254","2.759654513","3.27524987","16.36935838","30.81323944","40.7837839","46.7561156116738","52.6892664310395","NA","NA","NA","63","66","69.45","71.67","74.25","76","79.4876977139029","79","83.453497167","84","84.560519347399","86.54","86.54504885","NA","NA"
Individuals using the Internet (% of population),"IT.NET.USER.ZS","Austria","AUT","NA","0.130369377","0.259081553","0.642817619","0.76534273","1.393422968","1.890210524","6.909162353","9.533974317","15.42121932","23.0443171","33.7301329516915","39.1854501811114","36.56","42.7","54.28","58","63.6","69.37","72.87","73.45","75.17","78.7399930986888","80.0299939169903","80.6188","80.9958249574764","83.9401419315026","84.32374257","87.93558659","87.4791372262556","NA"
Individuals using the Internet (% of population),"IT.NET.USER.ZS","Azerbaijan","AZE","NA","0","NA","NA","NA","0.001431415","0.002055556","0.006354585","0.025187933","0.037485109","0.099228942","0.147757575623251","0.305564637615618","4.99971367812957","NA","NA","8.03037535616454","11.9921773343674","14.54","17.08","27.4","46","50","54.2","73.000001372","75.0000156363396","77","78.2","79","79.7999954887896","NA"
Individuals using the Internet (% of population),"IT.NET.USER.ZS","Bahamas, The","BHS","NA","0","NA","NA","NA","NA","0.960030721","1.746950698","1.362953903","2.33559071","3.764557822","8","11.8","18","20","22","25","26","27","31.54","33.88","43","65","71.7482028146963","72","76.92","78","80","85","NA","NA"
Individuals using the Internet (% of population),"IT.NET.USER.ZS","Bahrain","BHR","NA","0","NA","NA","NA","NA","0.346205844","0.843254219","1.646299202","3.218202151","4.720358118","6.15373254647607","15.0386342513918","18.0507208881153","21.5549449917804","21.4586805077435","21.3037335136591","28.2439524318043","32.91","51.95","53","55","76.9999665032303","88","90.0000397","90.5031334814656","93.4783011354165","97.9999807","95.87813575","98.6446725799886","NA"
Individuals using the Internet (% of population),"IT.NET.USER.ZS","Bangladesh","BGD","NA","0","NA","NA","NA","NA","NA","NA","0.000751046","0.003684813","0.036170407","0.0710394230507683","0.129807973947512","0.13992028850905","0.163877665498048","0.199036333744363","0.24163732563671","1","1.8","2.5","3.1","3.7","4.5","5","6.63","13.9","14.4","18.02","15","NA","NA"
Individuals using the Internet (% of population),"IT.NET.USER.ZS","Barbados","BRB","NA","0","NA","NA","NA","NA","0.007752238","0.389464214","0.783428912","1.970249237","2.376247035","3.97367835457927","11.9364503383984","27.836322424146","39.6896271159532","49.8","52.5","55.3","58.2","61.4","64.7","65.1","66.5","71.2","71.8","75.16","76.11","79.5493978888735","81.7607783931079","NA","NA"
Individuals using the Internet (% of population),"IT.NET.USER.ZS","Belarus","BLR","NA","0","NA","NA","NA","0.000485951","0.002921254","0.029298294","0.049020891","0.073868897","0.494881245","1.86039812615388","4.30061602151712","8.95097131467325","NA","NA","NA","16.2","19.7","23","27.43","31.8","39.6488956598961","46.91","54.17","59.02","62.230360906803","71.11304576","74.43644541","79.1298866919307","NA"
Individuals using the Internet (% of population),"IT.NET.USER.ZS","Belgium","BEL","NA","0.00100674","0.020072645","0.100041027","0.199446059","0.69599469","0.99166299","2.968411647","4.93808091","7.886622701","13.77221446","29.4316916924341","31.2883955056566","46.33","49.97","53.86","55.82","59.72","64.44","66","70","75","81.6099959955952","80.7199905482042","82.1702","85","85.0529","86.51647666","87.67968082","88.6550642753316","NA"
Individuals using the Internet (% of population),"IT.NET.USER.ZS","Belize","BLZ","NA","0","NA","NA","NA","NA","0.04539718","0.882807327","1.288582302","2.091516391","4.076740564","5.96383530272428","NA","5.68425121358763","NA","9.8","17","24","24.6","26.3","27.2","28.2","30.7","31","33.6","38.7","41.589999999835","44.57574032","47.0826258036364","NA","NA"
Individuals using the Internet (% of population),"IT.NET.USER.ZS","Benin","BEN","NA","0","NA","NA","NA","NA","NA","0.0016931","0.024648796","0.047877304","0.154906741","0.225247851473369","0.363417890016082","0.7029455951039","0.951327114915695","1.18254096518994","1.27103143947107","1.53785434624704","1.79","1.85","2.24","3.13","4.14832306562512","4.5","4.9","6","11.2549879092022","11.994047908223","20","NA","NA"
Individuals using the Internet (% of population),"IT.NET.USER.ZS","Bermuda","BMU","NA","0","NA","NA","NA","NA","6.838163465","16.20246602","24.18925674","32.10375935","39.94758876","42.9498600152711","47.5096998970623","52.0315973700393","56.5220121836337","60.9908670086326","65.4470657898838","69.8996551617012","74.3505940302669","82.3","83.25","84.21","88.336","91.2993045243401","95.3","96.8","98.3236096537251","98","98.37","NA","NA"
Individuals using the Internet (% of population),"IT.NET.USER.ZS","Bhutan","BTN","NA","0","NA","NA","NA","NA","NA","NA","NA","NA","0.137571514","0.40094444691941","0.864628564215099","1.67580258375242","2.43691239949767","3.15698419613711","3.84710674490143","4.5183172581646","5.92","6.55","7.17","13.6","14.4","15.6","22.4","30.3","39.8","41.7726445321672","48.1064158774574","NA","NA"
Individuals using the Internet (% of population),"IT.NET.USER.ZS","Bolivia","BOL","NA","0","NA","NA","NA","NA","0.066807568","0.196081174","0.447839036","0.626484062","0.981815187","1.4427635847914","2.1204625341365","3.11719294696997","3.50859640072336","4.43992460120042","5.22758395663196","6.20067125473576","10.4992443168903","12.5","16.8","22.4","30","35.34","36.99","34.6","35.56227065","39.6975146032685","43.8322760674661","44.2861421607887","NA"
Individuals using the Internet (% of population),"IT.NET.USER.ZS","Bosnia and Herzegovina","BIH","NA","0","NA","NA","NA","NA","NA","0.015125563","0.059425563","0.14367106","0.1943742","1.08296074971207","1.20052695129649","2.64826791361244","3.96503683387051","15.4689716227665","21.3267010007738","25.1223856852117","27.92","34.66","37.74","42.75","43.8876865285545","45.0645004334763","48.5213141734421","49.9177324336354","52.6","60.25653543","64.89197728","70.1201350394885","NA"
Individuals using the Internet (% of population),"IT.NET.USER.ZS","Botswana","BWA","0","0","0","NA","NA","NA","0.064521041","0.15745423","0.30774685","0.602400929","1.122391474","2.90266662177209","3.43088678702599","3.38592235064273","3.3451901740614","3.30488925316113","3.26255403605122","4.28993297515968","5.28","6.25","6.15","6","9","16","30","36.74474744423","37.3120503733278","39.36299738","47","NA","NA"
Individuals using the Internet (% of population),"IT.NET.USER.ZS","Brazil","BRA","NA","0","0.003288171","0.012946262","0.025498253","0.037672709","0.105138168","0.450789179","0.786079155","1.477874959","2.038732184","2.87068515854108","4.52849486902851","9.14942508560748","13.2075861035303","19.073672274442","21.022747248827","28.1783801797929","30.88","33.83","39.22","40.65","45.69","48.56","51.04","54.5510018796392","58.3279517340924","60.87254007","67.47128452","70.4342825404361","NA"
Individuals using the Internet (% of population),"IT.NET.USER.ZS","British Virgin Islands","VGB","NA","0","NA","NA","NA","NA","NA","NA","NA","NA","NA","NA","NA","18.8857412653447","NA","NA","NA","NA","NA","NA","36","37","37.4","37.6","NA","NA","NA","77.7014296797074","77.7042682926829","NA","NA"
Individuals using the Internet (% of population),"IT.NET.USER.ZS","Brunei Darussalam","BRN","NA","0","NA","NA","NA","NA","1.017080166","3.303349927","4.831057905","6.284742844","7.671041206","8.99628453448726","12.9177690823013","15.329879855735","19.5950032207342","29.7156041447864","36.4663919475782","42.1863491609307","44.68","46","49","53","56","60.2730650423193","64.5","68.77","71.2","90","94.8666916411293","NA","NA"
Individuals using the Internet (% of population),"IT.NET.USER.ZS","Bulgaria","BGR","NA","0","NA","NA","0.002339042","0.019526669","0.119665549","0.725251167","1.219813132","1.844965121","2.908154025","5.37092346908696","7.6122977487982","9.08","12.04","18.13","19.97","27.09","33.64","39.67","45","46.23","47.9799930506026","51.8999876658503","53.0615","55.49","56.6563","59.82554766","63.41010138","64.78201069118","NA"
Individuals using the Internet (% of population),"IT.NET.USER.ZS","Burkina Faso","BFA","NA","0","NA","NA","NA","NA","NA","0.000960519","0.018686353","0.045423484","0.061780293","0.0770801689426014","0.157732464653607","0.200992597925001","0.373440303233526","0.400295285492178","0.469914488656657","0.632707564461829","0.75","0.92","1.13","2.4","3","3.72503491597675","9.1","9.4","14","13.96","16","NA","NA"
Individuals using the Internet (% of population),"IT.NET.USER.ZS","Burundi","BDI","0","0","0","0","0","0","0","0.000803592","0.007979439","0.015842776","0.039204469","0.077248447383456","0.106001245363203","0.118228412267794","0.201273196735924","0.349060461879596","0.542142865759056","0.657592590351907","0.7","0.81","0.9","1","1.11","1.21999994477793","1.2642181112","1.38","4.86622446359511","5.17362677652886","2.6607485347534","NA","NA"
Individuals using the Internet (% of population),"IT.NET.USER.ZS","Cabo Verde","CPV","NA","0","NA","NA","NA","NA","NA","NA","0.24096792","0.472735008","1.159982461","1.82244385164396","2.68533271272311","3.5187571749658","4.32488539053715","5.31883206957883","6.07408710659813","6.80891100753313","8.28321981953034","14","21","30","32","34.74","37.5","40.26","42.68","50.32281787","57.16214635","NA","NA"
Individuals using the Internet (% of population),"IT.NET.USER.ZS","Cambodia","KHM","NA","0","NA","NA","NA","NA","NA","NA","0.005844911","0.016324986","0.031969578","0.047022640068885","0.0769560555527296","0.226983237666204","0.260570197574002","0.300436644360101","0.317321781089656","0.468356720063827","0.49","0.51","0.53","1.26","3.1","4.94","6.8","14","6.43319107021405","32.39845171","32.44694856","40","NA"
Individuals using the Internet (% of population),"IT.NET.USER.ZS","Cameroon","CMR","NA","0","NA","NA","NA","NA","NA","NA","0.006768744","0.013216341","0.129067581","0.252120077733662","0.277051321848797","0.360871584267755","0.587622611130454","0.976075415490902","1.40265422575955","2.0287447914719","2.93","3.4","3.84","4.3","5","7.5","10","16.2148722257524","20.6801476606263","23.2029719748646","23.20297197","NA","NA"
Individuals using the Internet (% of population),"IT.NET.USER.ZS","Canada","CAN","NA","0.360999701","0.570385926","0.91598104","1.184557509","2.378693853","4.163525253","6.76023965","15.07235736","24.8974003","36.18644004","51.3","60.2","61.5932992681952","64.2","65.9559634648989","71.66","72.4","73.2","76.7","80.3","80.3","83","83","85.8","87.12","90","91.16","91","NA","NA"
Individuals using the Internet (% of population),"IT.NET.USER.ZS","Cayman Islands","CYM","NA","0","NA","NA","0","0","3.948967193","NA","NA","NA","NA","NA","NA","NA","NA","NA","38.0343830823064","44.5","52","61","64.5","66","69.46594499","69.7","71.4","74.1","77","79","81.0676932508161","NA","NA"
Individuals using the Internet (% of population),"IT.NET.USER.ZS","Central African Republic","CAF","NA","0","NA","NA","NA","NA","NA","0.005849503","0.014270881","0.027878201","0.040894287","0.0533941742150456","0.0785434278394038","0.128537116506299","0.151563337940017","0.223401395464406","0.268195609199012","0.311159173235716","0.375815961044797","1","1.8","2","2.2","3","3.4","3.6","3.8","4","4.33925494461827","NA","NA"
Individuals using the Internet (% of population),"IT.NET.USER.ZS","Chad","TCD","NA","0","NA","NA","NA","NA","NA","NA","0.000658168","0.004268504","0.012321728","0.03570707628555","0.0459341343557353","0.166069664674347","0.320308555366775","0.360920107034467","0.399257700084004","0.581045764229641","0.847224520710968","1.19","1.5","1.7","1.9","2.10000000005453","2.5","2.9","3.5","5","6.49999811951501","NA","NA"
Individuals using the Internet (% of population),"IT.NET.USER.ZS","Channel Islands","CHI","NA","NA","NA","NA","NA","NA","NA","NA","NA","NA","NA","NA","NA","NA","NA","NA","NA","NA","NA","NA","NA","NA","NA","NA","NA","NA","NA","NA","NA","NA","NA"
Individuals using the Internet (% of population),"IT.NET.USER.ZS","Chile","CHL","NA","0","NA","0.036548938","0.071783144","0.141084507","0.346980781","0.68347561","1.057092496","1.662322022","4.103419297","16.6","19.1","22.1","25.4737788864723","28.1779101232438","31.1753470303684","34.4977511736017","35.9","37.3","41.56","45","52.2496072877744","55.05","58","61.11","76.63","83.55858602","82.32748693","NA","NA"
Individuals using the Internet (% of population),"IT.NET.USER.ZS","China","CHN","NA","0","NA","NA","0.00016868","0.001168115","0.00495471","0.013081692","0.032394861","0.168540297","0.708187957","1.77591320677415","2.63965021485872","4.59570433077551","6.2","7.3","8.52325700269541","10.5231526193851","16","22.6","28.9","34.3","38.3","42.3001174855995","45.8","47.9","50.3","53.2","54.3","NA","NA"
Individuals using the Internet (% of population),"IT.NET.USER.ZS","Colombia","COL","NA","0","NA","NA","NA","0.107173945","0.18804679","0.330017773","0.550521023","1.126225245","1.697730794","2.207532992624","2.85419997133433","4.6","7.38892371052557","9.1186903029666","11.0072638904585","15.3416745365682","21.8","25.6","30","36.5","40.3509157546318","48.98","51.7","52.57","55.9049725142924","58.13649357","62.25988032","64.1263768204459","NA"
Individuals using the Internet (% of population),"IT.NET.USER.ZS","Comoros","COM","NA","0","NA","NA","NA","NA","NA","NA","0","0.03787097","0.148162964","0.271740607285909","0.443068372538977","0.554869674985088","0.848189370151537","1.32732717785355","2","2.2","2.5","3","3.5","5.1","5.5","5.97529630842855","6.5","6.98","7.459161385649","7.938322770803","8.47817029542124","NA","NA"
Individuals using the Internet (% of population),"IT.NET.USER.ZS","Congo, Dem. Rep.","COD","NA","0","NA","NA","NA","NA","NA","0.000108207","0.000211213","0.000413065","0.001009076","0.0059021136806903","0.0114757819210493","0.0927907024606925","0.134914837437335","0.196208375178039","0.238037798692792","0.29605361030881","0.37","0.44","0.56","0.72","1.2","1.679961014645","2.2","3","3.799999507273","6.20997406030119","8.61990491569355","NA","NA"
Individuals using the Internet (% of population),"IT.NET.USER.ZS","Congo, Rep.","COG","NA","0","NA","NA","NA","NA","NA","0.00352686","0.003469104","0.003415143","0.016791049","0.0263547320580279","0.0322236164306931","0.157249517243982","0.460014186837522","1.07750492958505","1.46342005950851","2.00799007938159","2.75970437370903","4.28750990276481","4.5","5","5.6","6.10669502435836","6.6","7.11","7.61597466209","8.121949323466","8.65","NA","NA"
Individuals using the Internet (% of population),"IT.NET.USER.ZS","Costa Rica","CRI","NA","0","NA","0.001113325","0.081509754","0.279912479","0.416829206","0.84105704","1.640221288","2.666378698","3.904323257","5.80025302331829","9.55948213497093","19.8948511346293","20.3336148143541","20.7923067055542","22.07","25.1","28.4","32.29","34.33","36.5","39.2121959961842","47.5","45.96","53","59.7629501371681","65.8804491942718","71.3907708962224","74.0868022255159","NA"
Individuals using the Internet (% of population),"IT.NET.USER.ZS","Cote d'Ivoire","CIV","NA","0","NA","NA","NA","NA","0.000200256","0.00840978","0.018828361","0.060974439","0.118685917","0.231461670612799","0.395747702246439","0.497929360753307","0.758669629452205","0.849282414747704","1.03923820514001","1.52490079122527","1.8","1.9","2","2.7","2.9","5","12","19.2742298","38.44","41.20781493","43.83992085","46.8237270826283","NA"
Individuals using the Internet (% of population),"IT.NET.USER.ZS","Croatia","HRV","NA","0","NA","NA","0.097213389","0.268318997","0.51402859","0.858982368","1.729609312","3.273220279","4.405359119","6.64488254374396","11.5585731811648","17.76","22.75","30.91","33.14","37.98","41.44","44.24","50.58","56.55","57.7899789891444","61.9399731527956","66.7476","68.57","69.8031","72.69726967","67.09619204","75.2946259897258","NA"
Individuals using the Internet (% of population),"IT.NET.USER.ZS","Cuba","CUB","NA","0","NA","NA","NA","NA","9.17E-05","0.031949001","0.068220214","0.226699199","0.314690541","0.541182548811058","1.07975172188907","3.77058503769014","5.2412690536929","8.40798475900703","9.73806220781346","11.1596013147617","11.69","12.94","14.33","15.9","16.0172907996413","21.2","27.93","29.0701843656523","37.3050974155373","42.97867519","57.14840432","NA","NA"
Individuals using the Internet (% of population),"IT.NET.USER.ZS","Curacao","CUW","NA","NA","NA","NA","NA","NA","NA","NA","NA","NA","NA","NA","NA","NA","NA","NA","NA","NA","NA","NA","NA","NA","NA","NA","NA","NA","NA","61.855510740634","68.12721625","NA","NA"
Individuals using the Internet (% of population),"IT.NET.USER.ZS","Cyprus","CYP","NA","0","NA","0.05006043","0.056367482","0.111034621","0.410120685","0.673343541","4.378272095","8.890539159","11.34239866","15.2553943710137","18.8187590408455","28.32","30.09","33.83","32.81","35.83","40.77","42.31","49.81","52.99","56.8598923503507","60.6898684001903","65.4548","69.33","71.7159","75.9002054","80.74318897","84.4335825186889","NA"
Individuals using the Internet (% of population),"IT.NET.USER.ZS","Czech Republic","CZE","NA","0","NA","NA","0.581319529","1.259217838","1.45357584","1.940378193","2.915698695","3.895906065","6.832802018","9.78052788834393","14.6971721171129","23.93","34.3","35.5","35.27","47.93","51.93","62.97","64.43","68.82","70.49","73.4300078241036","74.1104","74.2317116367383","75.668838699279","76.4811987","78.71916143","80.6881675434288","NA"
Individuals using the Internet (% of population),"IT.NET.USER.ZS","Denmark","DNK","NA","0.097277268","0.194056515","0.386913951","0.578329976","1.34430775","3.82565642","5.714987841","11.38200494","22.66874615","30.59204065","39.1724308555053","42.9575247201878","64.25","76.26","80.93","82.74","86.65","85.03","85.02","86.84","88.72","89.8100133895232","92.2600117153012","94.6297","95.99","96.3305","96.96778525","97.09936216","97.3192043651002","NA"
Individuals using the Internet (% of population),"IT.NET.USER.ZS","Djibouti","DJI","NA","0","NA","NA","NA","NA","0.01603083","0.031166241","0.082941498","0.094696004","0.105761909","0.194500528399956","0.343526262964202","0.48697170451894","0.625940229399888","0.781317175068661","0.953611449300569","1.27004115919322","1.62","2.26","4","6.5","7","8.26723289204519","9.5","10.71","11.9224314345","13.1349151074","55.68140925","NA","NA"
Individuals using the Internet (% of population),"IT.NET.USER.ZS","Dominica","DMA","NA","0","NA","NA","NA","NA","0.548762737","1.165518146","NA","2.925345191","2.932164377","8.81484419762881","13.2452280386761","18.4248927671241","23.6204198529629","30.3196130921568","38.5436432637571","39.39817430347","40.2744630071599","41.16","42.02","47.45","48.6","49.8","51","57.5","65","67.03","69.6196687942039","NA","NA"
Individuals using the Internet (% of population),"IT.NET.USER.ZS","Dominican Republic","DOM","NA","0","NA","NA","NA","NA","0.017233601","0.074987053","0.142687565","0.233914189","1.104743874","3.70469235587688","4.42939069666645","6.8237257325842","7.89839293716387","8.8655534607044","11.4831977789344","14.8449283654589","17.66","20.82","27.72","31.4","38","42.32","45.9","49.58","54.2157663369785","63.87086474","67.57123468","74.8242898588721","NA"
Individuals using the Internet (% of population),"IT.NET.USER.ZS","Ecuador","ECU","NA","0","NA","0.005118035","0.016400751","0.034833586","0.043833641","0.086161276","0.110217959","0.125272771","0.823371634","1.46218853556457","2.67044367376705","4.26079691519764","4.46022834472698","4.83444263759525","5.99425516097331","7.2","10.8","18.8","24.6","29.03","31.3668083587433","35.1351464545516","40.279121941","45.5903906666095","48.9404337892669","54.06292473","57.2722436831024","NA","NA"
Individuals using the Internet (% of population),"IT.NET.USER.ZS","Egypt, Arab Rep.","EGY","NA","0","NA","NA","0.000975791","0.00638327","0.031319638","0.061466899","0.090480245","0.147987377","0.290445278","0.641265037504813","0.838945611477604","2.71999971465421","4.03788510706701","11.92","12.75","13.66","16.03","18.01","20","21.6","25.6","26.4","29.4","33.8946039115275","37.8193834276939","41.24806709","44.95020425","46.9243380864905","NA"
Individuals using the Internet (% of population),"IT.NET.USER.ZS","El Salvador","SLV","NA","0","NA","NA","NA","NA","NA","0.086389581","0.256960679","0.425253672","0.845428741","1.17739726914477","1.5","1.9","2.5","3.2","4.2","5.5","6.11","10.08","12.11","15.9","18.9","20.3213877242007","23.1093","24.7617121459061","26.8026049600572","28.997073045597","33.8207289","NA","NA"
Individuals using the Internet (% of population),"IT.NET.USER.ZS","Equatorial Guinea","GNQ","NA","0","NA","NA","NA","NA","NA","NA","0.041462292","0.094423774","0.097415945","0.132354665123789","0.16526042288306","0.321197997152044","0.520524272046806","0.843930284607049","1.14978967061811","1.27919359635686","1.55712305943539","1.82","2.13","6","11.5","13.9431821913076","16.4","18.86","21.319999985207","23.779999971074","26.2399999569409","NA","NA"
Individuals using the Internet (% of population),"IT.NET.USER.ZS","Eritrea","ERI","NA","0","NA","NA","0","0","0","0","0.009017718","0.008774236","0.025495028","0.136711941104496","0.157815289303043","0.227090137626716","NA","NA","NA","NA","0.41","0.47","0.54","0.61","0.7","0.8","0.9","0.99","1.083733115675","1.177118720157","1.3089069798665","NA","NA"
Individuals using the Internet (% of population),"IT.NET.USER.ZS","Estonia","EST","NA","0","NA","0.065484797","0.300711282","1.159750913","2.778968489","3.525111129","5.706276548","10.79603483","14.50089724","28.5769538105646","31.5274897673756","41.52","45.32","53.2","61.45","63.51","66.19","70.58","72.5","74.1","76.5","78.3899259259259","80.0043","84.2415280294352","88.4097035040431","87.24023275","88.10245687","89.3570077747426","NA"
Individuals using the Internet (% of population),"IT.NET.USER.ZS","Eswatini","SWZ","NA","0","NA","NA","NA","NA","0.00103175","0.050399009","0.088545986","0.096099605","0.4707176","0.926191777269401","1.28159005046719","1.81620380712642","2.43707385055863","3.22868507316111","3.69696107291824","3.69653878906882","4.1","6.85","8.94","11.04","18.13","20.7817825772944","24.7","26.17500573","25.64304231","28.5735227827685","47","NA","NA"
Individuals using the Internet (% of population),"IT.NET.USER.ZS","Ethiopia","ETH","NA","0","NA","NA","NA","NA","1.75E-05","0.001703448","0.00496672","0.009663517","0.012541599","0.0152637672082567","0.0371623810686744","0.0724022618698295","0.105811658802603","0.155334520794722","0.219659818999505","0.310592656856176","0.37","0.45","0.54","0.75","1.1","2.9","4.6","7.7","13.8551755555556","15.36692386","18.6180514528264","NA","NA"
Individuals using the Internet (% of population),"IT.NET.USER.ZS","Faroe Islands","FRO","NA","0","NA","NA","NA","NA","0","2.318786811","4.601297566","11.33786848","22.29753835","32.916392363397","43.2469835228993","53.2992218313613","58.9126409695337","66.5335994677312","67.9026317413939","69.359445124439","75.98","75.57","75.18","75.2","80.7321728","85.3351892392109","90","93.3","94.2","95.1086816720257","97.5819589384468","NA","NA"
Individuals using the Internet (% of population),"IT.NET.USER.ZS","Fiji","FJI","NA","0","NA","NA","0.006678447","0.007907399","0.009115343","0.064437142","0.223454842","0.633167865","0.942462063","1.4968547339902","1.8579785936093","6.15264970011985","6.72543473821551","7.4129434854202","8.45363663371359","9.6000384001536","10.8978310454645","13","17","20","28","33.7423567521104","35.2","37.4","42.5","46.5069783122217","49.9663730102662","NA","NA"
Individuals using the Internet (% of population),"IT.NET.USER.ZS","Finland","FIN","NA","0.40108767","1.397439332","1.88687977","2.568461349","4.915098554","13.90030389","16.78007526","19.4586828","25.45252493","32.29509229","37.2484617371121","43.1053633522263","62.43","69.22","72.39","74.48","79.66","80.78","83.67","82.49","86.89","88.70999491353","89.879997974222","91.5144","86.5303927529377","86.4221333325445","87.70364996","87.46892907","88.8899599985585","NA"
Individuals using the Internet (% of population),"IT.NET.USER.ZS","France","FRA","NA","0.052777862","0.140113895","0.279049463","0.590619383","0.899867425","1.637947245","2.584033979","4.255003872","6.319778722","9.125317889","14.3079239430677","26.3259035521688","30.18","36.14","39.15","42.87","46.87","66.09","70.68","71.58","77.28","77.8199989926706","81.44","81.9198","83.75","78.01","79.26981132","80.50245972","82.0431867788484","NA"
Individuals using the Internet (% of population),"IT.NET.USER.ZS","French Polynesia","PYF","NA","0","NA","NA","NA","NA","NA","0.090971944","0.21438525","1.316164696","3.448900232","6.3570635452072","6.25158894552365","8.20021648571522","14.1242937853107","17.8845374263753","21.5421854743002","25.1079642462589","28.59","33.87","44.6","49","49","52.8766305867993","56.8","60.68","64.560209747212","68.440419493378","72.7038953132942","NA","NA"
Individuals using the Internet (% of population),"IT.NET.USER.ZS","Gabon","GAB","NA","0","NA","NA","NA","NA","NA","0","0.047999009","0.17012488","0.249009564","1.21614061828589","1.34762022159633","1.93953010616212","2.65958659385985","2.97906980035019","4.89326474972412","5.48920080280135","5.76700457562583","7.5","9.5","13","18","24","30.53803344","38.07120929","45.78453653","48.0522737506185","62","NA","NA"
Individuals using the Internet (% of population),"IT.NET.USER.ZS","Gambia, The","GMB","NA","0","NA","NA","NA","NA","0.009217541","0.03550736","0.051311347","0.206094461","0.715827015","0.921794919066406","1.33679116648397","1.79677988296495","2.436781193062","3.30800347812937","3.79900113882231","5.23769115841218","6.20503741852418","6.88","7.63","9.2","10.8703","12.4492287209242","14","15.56","16.5","18.5","19.8364544419252","NA","NA"
Individuals using the Internet (% of population),"IT.NET.USER.ZS","Georgia","GEO","NA","0","NA","NA","NA","NA","0.011836885","0.040065419","0.060930333","0.102830957","0.416343567","0.484746298540492","0.992344436138154","1.58787562980332","2.55881648068489","3.88622135350273","6.07945762869794","7.52687684487832","8.26","10.01","20.07","26.9","31.52","36.94","43.3","44","47.5697596438736","58.4592896118725","59.7055045962571","62.7179081736957","NA"
Individuals using the Internet (% of population),"IT.NET.USER.ZS","Germany","DEU","NA","0.125892223","0.250274153","0.43528529","0.463635096","0.922541043","1.837737754","3.054805234","6.711087477","9.877852428","20.84598264","30.2163466048889","31.650939416316","48.82","55.9","64.73","68.71","72.16","75.16","78","79","82","81.26999953602","82.3499984738392","84.17","86.19","87.5897993525767","84.1652066441212","84.39550077","89.7391210364906","NA"
Individuals using the Internet (% of population),"IT.NET.USER.ZS","Ghana","GHA","NA","0","NA","NA","NA","NA","0.000347918","0.005648763","0.027537542","0.032240443","0.104895466","0.153615297625799","0.200008060324831","0.830284033818739","1.19305791098328","1.71679770389504","1.83119746104616","2.72317597313987","3.85","4.27","5.44","7.8","9","10.6","15","25.51773743","25","34.66600065","39","NA","NA"
Individuals using the Internet (% of population),"IT.NET.USER.ZS","Gibraltar","GIB","NA","0","NA","NA","NA","NA","NA","NA","2.662907268","4.183794329","5.936978297","19.1316381248919","21.171109436031","23.670239745714","28.3257797920554","32.8860826098395","39.0701308849385","45.29864751181","51.61","58","65.07","65","65","65.017","NA","NA","NA","94.4444715818151","NA","NA","NA"
Individuals using the Internet (% of population),"IT.NET.USER.ZS","Greece","GRC","NA","0","0.048788803","0.048291602","0.191062242","0.378174312","0.749616477","1.395360779","1.849634688","3.221821786","6.877292144","9.13883730776798","10.9350258080278","14.67","17.8","21.42","24","32.25","35.88","38.2","42.4","44.4","51.6499951676815","55.0699934418411","59.8663","63.21","66.835","69.08791547","70.5494334521129","72.952094201811","NA"
Individuals using the Internet (% of population),"IT.NET.USER.ZS","Greenland","GRL","NA","0","NA","NA","NA","0.064712121","0.053940342","1.796719191","7.954504682","14.65444717","21.60261331","31.7478112321162","35.4641368915684","44.154789028418","54.5342598293605","56.0990147610533","57.7034045008656","59.361687268664","61.07","62.82","62.83","63","64","64.8960100995989","65.8","66.7","67.600443481006","68.500873675421","69.4824617821988","NA","NA"
Individuals using the Internet (% of population),"IT.NET.USER.ZS","Grenada","GRD","0","0","0","0","0","0","0","0.298032982","0.990883868","1.484854484","2.473166147","4.06390799146313","5.12810398216998","14.7588405454867","18.6451821830564","19.5706205843787","20.4878048780488","21.3959911692909","22.29","23.18","24.05","27","30","32","35","51.6","53.81","55.8564078225865","59.071735362999","NA","NA"
Individuals using the Internet (% of population),"IT.NET.USER.ZS","Guam","GUM","NA","0","NA","NA","NA","0.34845391","0.659530909","1.356106888","2.344571647","4.50128419","8.497176323","16.1131270423389","25.3802275337398","31.1922942556271","33.7166817880876","36.1617878387908","38.559877557558","43.8514430048178","46.1504736192355","48.4187021509296","50.6420283820435","54.04","57.7","61.5341593079002","65.4","69.27","73.139999947043","77.009999893206","80.5054655600831","NA","NA"
Individuals using the Internet (% of population),"IT.NET.USER.ZS","Guatemala","GTM","NA","0","NA","NA","NA","NA","0.002998005","0.019534871","0.095476021","0.466590444","0.592652945","0.712332904508925","1.7382017815873","3.39174627024502","4.54885490848324","5.1","5.7","6.5","7.3","8.3","9.3","10.5","12.3","16","19.7","23.4","28.8059415553524","34.5093260915602","65","NA","NA"
Individuals using the Internet (% of population),"IT.NET.USER.ZS","Guinea","GIN","NA","0","NA","NA","NA","0.000138318","0.000668589","0.001948942","0.003803109","0.006203369","0.060808919","0.0954249236063846","0.175541868491054","0.402022748744397","0.450960370842751","0.508819332302937","0.542254180996637","0.637492122987955","0.780025279059244","0.92","0.94","1","2","3.1","4.5","6.4","8.2","9.8","18","NA","NA"
Individuals using the Internet (% of population),"IT.NET.USER.ZS","Guinea-Bissau","GNB","NA","0","NA","NA","NA","NA","NA","NA","0.016389063","0.024060421","0.117702448","0.230103170591588","0.299569144677667","1.02299323436117","1.35419747762901","1.80814220342991","1.90136531610877","2.0571967045036","2.20630223745003","2.35488871087933","2.30328059172582","2.45","2.672","2.89399062085531","3.1","3.32","3.540706917021","3.761413832337","3.93050915199411","NA","NA"
Individuals using the Internet (% of population),"IT.NET.USER.ZS","Guyana","GUY","NA","0","NA","NA","NA","NA","NA","0.065854115","0.131828033","0.26408811","3.966354735","6.61149156572021","13.2069864958563","NA","NA","NA","NA","NA","13.8","18.2","23.9","29.9","30","30.5","31","32","34","35.66","37.3258367878094","NA","NA"
Individuals using the Internet (% of population),"IT.NET.USER.ZS","Haiti","HTI","NA","0","NA","NA","NA","NA","NA","0.007484253","NA","0.023999477","0.070658478","0.231270714628821","0.340832326173809","0.893432988337908","1.64735834557778","5.401261907622","6.37620163504938","6.79600048052951","7.2","7.6","8.1","8.37","9","9.8","10.6","11.4","12.1977","12.2326016070408","12.3261035817213","32.4736271300557","NA"
Individuals using the Internet (% of population),"IT.NET.USER.ZS","Honduras","HND","NA","0","NA","NA","NA","NA","0.036775252","0.043711246","0.170996468","0.301247214","0.573575476","1.20385599891878","1.41528193123711","2.5974025974026","4.8","5.6","6.5","7.8","9.4","9.6","9.8","11.09","15.9","18.12","17.8","19.08","27.1","29.5","31.7","NA","NA"
Individuals using the Internet (% of population),"IT.NET.USER.ZS","Hong Kong SAR, China","HKG","NA","0","0.120955444","0.849527883","1.334568031","2.784198266","3.218635643","4.748838672","10.51875705","14.54597958","21.23068197","27.8277606812581","38.6714032309569","43.0823830278909","52.2000433497404","56.3998803935333","56.9","60.8","64.8","66.7","69.4","72","72.2","72.9","74.2","79.8662704309064","84.9483529634062","87.47941467","89.41594465","90.5073953294283","NA"
Individuals using the Internet (% of population),"IT.NET.USER.ZS","Hungary","HUN","NA","0","0.00338263","0.048353421","0.193414395","0.483580975","0.677486054","0.969239536","1.942449872","3.894643278","5.857840749","6.99967635062916","14.5285543028277","16.67","21.63","27.74","38.97","47.06","53.3","61","62","65","68.0199878861296","70.579998153838","72.6439","75.6531974544103","72.8347","79.25941213","76.75054712","76.0743606365063","NA"
Individuals using the Internet (% of population),"IT.NET.USER.ZS","Iceland","ISL","NA","0","0.505129002","1.53916008","2.667825265","6.794811784","11.2158757","14.80647932","27.47886875","36.2642065","41.29456671","44.470533824288","49.3929953676426","79.12","83.14","83.88","87","89.51","90.6","91","93","93.39","94.8196868008949","96.2097995545657","96.5468","98.16","98.2","98.2400162999185","98.26","99.0109539916991","NA"
Individuals using the Internet (% of population),"IT.NET.USER.ZS","India","IND","NA","0","NA","0.000111308","0.000218176","0.001069562","0.026228879","0.046333977","0.070767849","0.139027329","0.273224277","0.527532449930946","0.660146377009928","1.53787558175083","1.68648997063625","1.97613649190559","2.38807499995774","2.80549986534254","3.95","4.38","5.12","7.5","10.07","12.5800609138955","15.1","21","17","22","34.45","NA","NA"
Individuals using the Internet (% of population),"IT.NET.USER.ZS","Indonesia","IDN","NA","0","NA","NA","NA","0.001059744","0.026109477","0.056623989","0.194910264","0.255306646","0.444415936","0.925563864466858","2.01861385948459","2.13413573295808","2.38701977959476","2.60028587633414","3.60202476259646","4.76481313366657","5.78627472934199","7.91747938492903","6.92","10.92","12.28","14.52","14.94","17.14","21.9760677113476","25.4473537","32.2924418958799","39.9046386462913","NA"
Individuals using the Internet (% of population),"IT.NET.USER.ZS","Iran, Islamic Rep.","IRN","NA","0","NA","NA","NA","0.000408332","0.004179752","0.01582608","0.046756094","0.099815221","0.378569095","0.934190019959829","1.48422133163363","4.62617511492205","6.93372195304053","7.49","8.1","8.76","9.47","12.02","13.8","15.9","19","22.73","29.95","39.35","45.3349758846986","53.22677167","64.04397362","70.0045522180671","NA"
Individuals using the Internet (% of population),"IT.NET.USER.ZS","Iraq","IRQ","NA","0","NA","NA","NA","NA","NA","NA","NA","NA","NA","NA","0.1","0.5","0.6","0.9","0.9","0.95234424383919","0.93","1","1.06","2.5","5","7.1","9.2","13.21","58","21.23","49.35999889","75.0000013115036","NA"
Individuals using the Internet (% of population),"IT.NET.USER.ZS","Ireland","IRL","NA","0","0.056796044","0.169686377","0.281141005","0.558377222","1.108386328","2.199301832","4.08825507","8.096010043","10.93380859","17.8504672405807","23.1388121904053","25.85","34.31","36.99","41.61","54.82","61.158324551","65.34","67.38","69.85","74.8899729670944","76.919992540097","78.2477","83.4917223351728","83.4947916666667","85.01113212","84.1140070623844","84.5223020568612","NA"
Individuals using the Internet (% of population),"IT.NET.USER.ZS","Isle of Man","IMN","NA","NA","NA","NA","NA","NA","NA","NA","NA","NA","NA","NA","NA","NA","NA","NA","NA","NA","NA","NA","NA","NA","NA","NA","NA","NA","NA","NA","NA","NA","NA"
Individuals using the Internet (% of population),"IT.NET.USER.ZS","Israel","ISR","NA","0.110773866","0.2146241","0.310579197","0.398833333","0.57696646","0.93042297","2.1683676","4.399405482","10.30706995","13.43612191","20.8737899981674","17.3786238639049","17.7645990630493","19.5933936579649","22.7704855254035","25.1940424216829","27.8810744577346","48.1280621948445","59.39","63.12","67.5","68.8738779907441","70.8","70.250311945","75.0177531628076","77.3520896572253","79.65312418","81.58118359","83.7331390569778","NA"
Individuals using the Internet (% of population),"IT.NET.USER.ZS","Italy","ITA","NA","0.017544562","0.035063256","0.070053433","0.122462053","0.192304619","0.524412787","1.023289903","2.276737834","4.558519565","14.37841019","23.1108742441037","27.2221169788811","28.04","29.04","33.24","35","37.99","40.79","44.53","48.83","53.68","54.3899983018814","55.829997993283","58.4593","55.6384602242293","58.1417349568747","61.32425277","63.077347","74.3871829234822","NA"
Individuals using the Internet (% of population),"IT.NET.USER.ZS","Jamaica","JAM","NA","0","NA","NA","NA","0.036817104","0.109487986","0.591145842","0.797797441","1.978726318","2.355688556","3.11577802729967","3.8630203874764","6.1","7.8","10","12.8","16.4","21.1","23.6","24.3","27.67","37.438613414848","33.79","37.1","40.4027351046672","42.2212211907441","44.36685637","55.0720670507751","NA","NA"
Individuals using the Internet (% of population),"IT.NET.USER.ZS","Japan","JPN","NA","0.020293683","0.040438041","0.096678025","0.401277526","0.799684291","1.594363148","4.372981968","9.16307714","13.41404088","21.39129031","29.9907403589142","38.5320608612719","46.5942011179917","48.4352658899653","62.3939296327259","66.9210661042901","68.6852703213795","74.3","75.4","78","78.21","79.0541135244739","79.4964","88.219428911","89.1068330166075","91.0580283929962","93.18272128","84.58806583","91.2816084864932","NA"
Individuals using the Internet (% of population),"IT.NET.USER.ZS","Jordan","JOR","NA","0","NA","NA","NA","NA","0.02323392","0.044938549","0.599341106","1.305888264","2.526965353","2.62327542156362","4.70571958094159","6.02553241191204","8.46600501623938","11.6587413706379","12.9328520457507","13.8671087882097","20","23","26","27.2","34.9","37","41.4","46.2","60.1143826895006","62.3021925670712","66.7903144326458","NA","NA"
Individuals using the Internet (% of population),"IT.NET.USER.ZS","Kazakhstan","KAZ","NA","0","NA","NA","NA","0.000521079","0.011302355","0.031824512","0.064596754","0.131069604","0.464277218","0.668594402621264","1.00612421099739","1.67477099516366","2.00041475265872","2.6503946570164","2.96170749150089","3.26836905115978","4.02","11","18.2","31.6","50.6","61.9066274652008","63.30422443","66","70.82993359566","74.58772647","76.42674823","78.9039190578816","NA"
Individuals using the Internet (% of population),"IT.NET.USER.ZS","Kenya","KEN","NA","0","NA","NA","NA","NA","0.000727482","0.008839115","0.034406051","0.050261388","0.114256028","0.318059713612037","0.619782266151425","1.20777388492125","2.94190286101524","3.02352804209621","3.10189770248496","3.6","4.4","5.2","6.1","7.2","8.8","10.5","13","16.5","16.5878548475992","16.6","17.8271002088645","NA","NA"
Individuals using the Internet (% of population),"IT.NET.USER.ZS","Kiribati","KIR","NA","0","NA","NA","NA","NA","NA","NA","NA","0.616545618","1.211577838","1.78522547397736","2.33745894837722","2.5","3","3.5","4","4.5","6","7","8.97","9.07","10","10.7467976841839","11.5","12.25","12.99748389414","13.7","14.5818181818182","NA","NA"
Individuals using the Internet (% of population),"IT.NET.USER.ZS","Korea, Dem. People’s Rep.","PRK","NA","0","NA","NA","NA","NA","NA","NA","0","0","0","0","0","0","0","0","0","0","0","0","0","0","0","0","NA","NA","NA","NA","NA","NA","NA"
Individuals using the Internet (% of population),"IT.NET.USER.ZS","Korea, Rep.","KOR","NA","0.023265092","0.046124435","0.098404337","0.249946523","0.311359364","0.81968667","1.624237192","3.600801564","6.781815468","23.55219445","44.7","56.6","59.4","65.5","72.7","73.5","78.1","78.8","81","81.6","83.7","83.7591201534472","84.07","84.77","87.5568264944747","89.9","92.84302568","95.06942188","96.0228595797887","NA"
Individuals using the Internet (% of population),"IT.NET.USER.ZS","Kosovo","XKX","NA","NA","NA","NA","NA","NA","NA","NA","NA","NA","NA","NA","NA","NA","NA","NA","NA","NA","NA","NA","NA","NA","NA","NA","NA","NA","NA","NA","83.89359681","89.44303197","NA"
Individuals using the Internet (% of population),"IT.NET.USER.ZS","Kuwait","KWT","NA","0","NA","NA","0.091082245","0.147162703","0.202898433","0.855662317","2.174535859","3.052397455","4.756222209","6.73139576837536","8.55179243431475","10.2489679289296","22.4029383804612","22.9271120360078","25.9261083689107","28.7911979549612","34.8","42","50.8","61.4","65.7690706867398","70.45","75.46","78.7","72","78.36738376","100","99.5988495907557","NA"
Individuals using the Internet (% of population),"IT.NET.USER.ZS","Kyrgyz Republic","KGZ","NA","0","NA","NA","NA","NA","NA","NA","NA","0.072808334","0.20471135","1.04140114469361","3.00294132719239","2.99926518003089","3.90876626828521","5.09038530732863","10.5338013405507","12.3069069959465","14.03","15.7","16","16.3","17.5","19.8","23","28.3","30.247042775311","37","38","NA","NA"
Individuals using the Internet (% of population),"IT.NET.USER.ZS","Lao PDR","LAO","NA","0","NA","NA","NA","NA","NA","NA","NA","0.009657814","0.037780708","0.111044032290124","0.181664460654566","0.267899241309349","0.333912466428616","0.361434490258043","0.850357490288917","1.16989342772256","1.64","3.55","6","7","9","10.747676189122","12.5","14.26","18.2","21.87","25.5104350823024","NA","NA"
Individuals using the Internet (% of population),"IT.NET.USER.ZS","Latvia","LVA","NA","0","NA","NA","NA","NA","NA","0.812717072","2.053454712","3.315267886","4.387409055","6.31906208267861","7.21934580836289","21.94","26.98","38.58","46","53.63","59.17","63.41","66.84","68.42","69.7499545592245","73.1199437663748","75.2344","75.83","79.2006","79.84209778","80.114077","83.5771748630956","NA"
Individuals using the Internet (% of population),"IT.NET.USER.ZS","Lebanon","LBN","NA","0","NA","NA","NA","NA","0.071617991","0.140166939","1.241079739","2.722352199","5.376809498","7.95274373635276","6.78321977527715","7","8","9","10.14","15","18.74","22.53","30.14","43.68","52","61.249785718304","70.5","73","74","76.11","78.1807748907671","NA","NA"
Individuals using the Internet (% of population),"IT.NET.USER.ZS","Lesotho","LSO","NA","0","NA","NA","NA","NA","NA","0.00284594","0.005584433","0.010956533","0.05380446","0.211806070361977","0.261150063093855","1.08394313737534","1.53249659019509","2.17552433931097","2.58024548419449","2.97970818724486","3.44543125970873","3.58","3.72","3.86","7","10","15","22","25","27.36","29","NA","NA"
Individuals using the Internet (% of population),"IT.NET.USER.ZS","Liberia","LBR","NA","0","NA","NA","NA","NA","NA","NA","0.004489443","0.004099387","0.011328732","0.0177027057169472","0.033812227177592","0.0327133071190699","0.0318689345450327","0.0310111848040233","NA","NA","0.551376580555429","0.53","2","2.3","2.5","2.6","3.2","5.41","33","7.31910641139578","7.98447972152267","NA","NA"
Individuals using the Internet (% of population),"IT.NET.USER.ZS","Libya","LBY","NA","0","NA","NA","NA","NA","NA","NA","NA","NA","0.133617289","0.187042622337565","0.366533175284228","2.24441822165946","2.81451798740855","3.53283816154549","3.91778797710285","4.30105178913002","4.72199937850513","9","10.8","14","14","NA","16.5","17.76","19.016079781565","20.27215956269","21.7589206159252","NA","NA"
Individuals using the Internet (% of population),"IT.NET.USER.ZS","Liechtenstein","LIE","NA","0","NA","NA","NA","NA","NA","NA","NA","NA","NA","36.5152298938015","45.1168526483592","59.4707106749926","58.8096918372148","64.0074481394199","63.3713561470216","64.2141613630526","65.080218443168","70","75","80","85","89.4077","93.8","95.21","96.6411950959488","98.0939038921672","98.1","NA","NA"
Individuals using the Internet (% of population),"IT.NET.USER.ZS","Lithuania","LTU","NA","0","NA","NA","NA","NA","NA","0.277421291","0.978422157","1.972063745","2.9230547","6.42706749477765","7.17935699381369","17.69","25.91","31.23","36.22","43.9","49.9","55.22","59.76","62.12","63.6399774002179","67.2299893276414","68.4529","72.13","71.378","74.37664556","77.61525651","79.7225827680518","NA"
Individuals using the Internet (% of population),"IT.NET.USER.ZS","Luxembourg","LUX","NA","0","NA","0.153198791","0.302155121","0.496486119","1.590941911","5.551653306","7.142704085","11.74555372","17.3879578","22.8873279731211","36.163422506306","39.84","54.55","65.88","70","72.51","78.92","82.23","87.31","90.62","90.0298585646936","91.9499237417387","93.7765","94.67","96.38","98.13669867","97.36296032","97.061298705829","NA"
Individuals using the Internet (% of population),"IT.NET.USER.ZS","Macao SAR, China","MAC","NA","0","NA","NA","NA","0.036993376","0.280014086","0.727273598","2.364127672","7.003324245","9.212005085","13.6085897418451","22.5212167700561","25.1718801643395","25.7421239826498","31.4840973824121","34.8629271733959","46.4","47.327","49.24","54","55.198","60.2036967182195","61.31","65.8","69.78","77.6001318608868","81.64298546","83.17408907","83.7940896091516","NA"
Individuals using the Internet (% of population),"IT.NET.USER.ZS","Madagascar","MDG","NA","0","NA","NA","NA","NA","NA","0.003695196","0.014333647","0.062561023","0.168608781","0.196394691006341","0.222511586178292","0.339720154596142","0.423252419277809","0.525353654946669","0.567721802237403","0.607552238860378","0.65","1.65","1.63","1.7","1.9","2.3","3","3.7","4.173972190007","4.713662899498","9.8","NA","NA"
Individuals using the Internet (% of population),"IT.NET.USER.ZS","Malawi","MWI","NA","0","NA","NA","NA","NA","NA","NA","0.004668518","0.018057365","0.087278755","0.126780944756387","0.164020725330811","0.21509472652259","0.278815116302304","0.347505334967577","0.384489334082782","0.425137489606563","0.965864736553132","0.7","1.07","2.26","3.33","4.3506","5.05","5.83","5.3","11.47","13.7821643919877","NA","NA"
Individuals using the Internet (% of population),"IT.NET.USER.ZS","Malaysia","MYS","NA","0","NA","0.001047822","0.025538478","0.099607417","0.145673837","0.852044466","2.307393234","6.751770483","12.3055022","21.3847311644538","26.6959725007084","32.3382043389359","34.9711523397291","42.2522656295248","48.629170245984","51.6379889864403","55.7","55.8","55.9","56.3","61","65.8","57.05751226","63.6654258813225","71.0640678111957","78.78830993","80.14047901","81.2010486181174","NA"
Individuals using the Internet (% of population),"IT.NET.USER.ZS","Maldives","MDV","0","0","0","0","0","0","0","0.22693009","0.309444238","0.569627464","1.119908615","2.2038729393788","3.61729064930367","5.3477651689359","5.97659284988557","6.58825487530861","6.86960506696215","11.0363527828647","16.3","23.2","24.8","26.53","34","38.9301","44.1","49.28","54.461955146942","59.0925899654109","63.1856658848485","NA","NA"
Individuals using the Internet (% of population),"IT.NET.USER.ZS","Mali","MLI","NA","0","NA","NA","NA","NA","NA","0.002055228","0.010085919","0.019793888","0.060909873","0.142545755049184","0.185897413256084","0.2270455784917","0.310364443230575","0.432819639900985","0.507063135952247","0.729627280833101","0.81","1.57","1.8","2","2.2","2.8","3.5","7","10.33","11.1121864890589","13","NA","NA"
Individuals using the Internet (% of population),"IT.NET.USER.ZS","Malta","MLT","NA","0","NA","NA","NA","NA","0.224995699","1.051527475","3.920605132","6.500783995","7.759798038","13.1137087111024","17.8778483243348","28.92","31.64","34.62","41.24","40.41","46.9","50.08","58.86","63","68.0198237885462","68.1998742928975","68.9138","73.17","75.96","78.0751488032182","81.0119110762945","81.6580454874453","NA"
Individuals using the Internet (% of population),"IT.NET.USER.ZS","Marshall Islands","MHL","NA","0","0","0","0","0","0","0.037059432","NA","NA","0.966071567","1.53427179624871","1.7066140776699","2.33544457522934","2.5697503671072","3.59977681383754","3.8787023977433","3.79559021427832","3.95","4.6","5.6","7","10","12.5","14","16.8","19.282441803511","29.7877793626081","38.701162619829","NA","NA"
Individuals using the Internet (% of population),"IT.NET.USER.ZS","Mauritania","MRT","NA","0","NA","NA","NA","NA","NA","NA","0.004172527","0.040594795","0.118464464","0.192031462434805","0.261448551967195","0.363229414608579","0.424004895843197","0.481470438230954","0.669966474877597","0.97966125273203","1.43361319586788","1.87","2.28","4","4.5","5","6.2","10.7","15.199126690825","18","20.80096366143","NA","NA"
Individuals using the Internet (% of population),"IT.NET.USER.ZS","Mauritius","MUS","NA","0","NA","NA","NA","NA","NA","0.183769158","0.475629193","2.565279962","4.652213227","7.28153511499385","8.78090401892036","10.252624671916","12.1871062041308","13.6890885885342","15.1722287524914","16.7","20.22","21.81","22.51","28.33","34.95","35.42","40.116825135","44.8032753683379","50.1393184766711","52.19132594","55.4032403002657","58.596169704299","NA"
Individuals using the Internet (% of population),"IT.NET.USER.ZS","Mexico","MEX","NA","0","0.005880695","0.01730781","0.028305042","0.043339167","0.10256419","0.20040628","0.62731154","1.265783278","1.857436221","5.08138415338066","7.0380231165045","11.9","12.9","14.1","17.21","19.52","20.81","21.71","26.34","31.05","37.1762954125184","39.75","43.46","44.39","57.4310429923633","59.540446","63.85224909","65.7726344759233","NA"
Individuals using the Internet (% of population),"IT.NET.USER.ZS","Micronesia, Fed. Sts.","FSM","NA","0","NA","NA","NA","NA","NA","0.278037795","0.570676845","1.858718785","2.797594069","3.73486213690137","4.66052719883673","5.57009970478472","9.23250210039423","11.0178673081514","11.8813690993008","12.7503392500979","13.6211327333981","14.49","15.35","20","22.8","25.9744230029883","27.8","29.65","31.501081275309","33.352162552269","35.3040528661747","NA","NA"
Individuals using the Internet (% of population),"IT.NET.USER.ZS","Moldova","MDA","NA","0","NA","NA","NA","0.000825391","0.003457217","0.004643901","0.028128808","0.260818206","0.600695269","1.28284641670022","1.48781295215565","3.78724279887342","7.40754458415897","10.629390841654","14.6302704551796","19.6206477051634","20.45","23.39","27.5","32.3","38","43.37","60","67","69","70.99999911","76.1245198931608","NA","NA"
Individuals using the Internet (% of population),"IT.NET.USER.ZS","Monaco","MCO","NA","0","NA","NA","NA","NA","NA","NA","NA","NA","NA","42.1848634460346","46.6461423640265","48.0471171729696","49.4911689195459","52.4901966838546","55.4648260561427","61.4760397135217","64.3776824034335","67.25","70.1","75","80.3","87","90.7","92.4","93.3633020180933","95.2081779700534","97.0529768369275","NA","NA"
Individuals using the Internet (% of population),"IT.NET.USER.ZS","Mongolia","MNG","NA","0","NA","NA","NA","NA","0.008811225","0.018160749","0.112742554","0.145810542","0.50847156","1.25565200358112","1.65323823906982","2.0395726034818","NA","NA","NA","NA","9","9.8","10","10.2","12.4999911084745","16.4","17.699984237","19.9424474349209","22.5000041337688","22.2657705","23.7142651737061","47.1609401961253","NA"
Individuals using the Internet (% of population),"IT.NET.USER.ZS","Montenegro","MNE","NA","NA","NA","NA","NA","NA","NA","NA","NA","NA","NA","NA","NA","NA","NA","25.3500686036232","27.1","28.9","30.8","32.9","35.1","37.5","35.6115412460109","56.8387825490631","60.31","61","68.1195810359317","69.88164684","71.27233254","71.51712879353","NA"
Individuals using the Internet (% of population),"IT.NET.USER.ZS","Morocco","MAR","NA","0","NA","NA","NA","NA","0.003710492","0.005675444","0.021635203","0.142300767","0.175595345","0.693791244805455","1.37143810096418","2.37325319241544","3.35336668122363","11.6079347729582","15.0844445240204","19.7711915653115","21.5","33.1","41.3","52","46.107482597","55.4160531914894","56","56.8","57.08","58.27123642","61.76221201","64.8038651924043","NA"
Individuals using the Internet (% of population),"IT.NET.USER.ZS","Mozambique","MOZ","NA","0","NA","NA","NA","NA","NA","0.003042979","0.011842611","0.020197055","0.056250629","0.109592530041641","0.160031946644069","0.259612611253739","0.419538843913707","0.679447835392438","0.854357118107528","0.842954488044236","0.91","1.56","2.68","4.17","4.3","6","7.29393733","9.236314896","16.93353299","17.5212390868424","10","NA","NA"
Individuals using the Internet (% of population),"IT.NET.USER.ZS","Myanmar","MMR","NA","0","NA","NA","NA","NA","NA","NA","NA","NA","0.000151709","NA","0.000289277380848561","0.00042649350636189","0.0240641491408465","0.024337392002823","0.0652388555011476","0.18204833106115","0.217128445069958","0.22","0.22","0.25","0.98","4","8","11.52","21.72583401","25.07330424","30.6781831132592","NA","NA"
Individuals using the Internet (% of population),"IT.NET.USER.ZS","Namibia","NAM","NA","0","NA","NA","NA","NA","0.006172051","0.009032145","0.058750679","0.286745093","0.336217708","1.64473954726899","2.41697944170998","2.63369976876116","3.35983988553801","3.8047156152631","4.01004664442375","4.39887064732726","4.83561077833704","5.32900377208954","6.5","11.6","12","12.9414","13.9","14.84","25.68785182","31.0333459383454","51","NA","NA"
Individuals using the Internet (% of population),"IT.NET.USER.ZS","Nauru","NRU","NA","0","NA","NA","NA","NA","NA","NA","NA","NA","NA","NA","2.98715523250025","NA","NA","NA","NA","NA","NA","NA","NA","NA","54","NA","NA","NA","NA","NA","57","NA","NA"
Individuals using the Internet (% of population),"IT.NET.USER.ZS","Nepal","NPL","0","0","0","0","0","0","0.000924878","0.004510473","0.021998858","0.064393596","0.146668869","0.204651683653029","0.240015303375743","0.312956060108532","0.382810917017044","0.449843651215974","0.82655126590551","1.14138916388191","1.41","1.73","1.97","7.93","9","11.1493","13.3","15.44","17.58161800656","19.688763836629","34","NA","NA"
Individuals using the Internet (% of population),"IT.NET.USER.ZS","Netherlands","NLD","NA","0.334386942","0.531496128","1.320008028","1.967087737","3.257308831","6.47315766","9.649069145","14.0655114","22.24382769","39.17600725","43.984351373138","49.3730621073123","61.29","64.35","68.52","81","83.7","85.82","87.42","89.63","90.72","91.4199957622284","92.859992359525","93.9564","91.666666","91.7241379310345","90.4109589","93.19727891","94.7120737217303","NA"
Individuals using the Internet (% of population),"IT.NET.USER.ZS","New Caledonia","NCL","NA","0","NA","NA","NA","NA","0.005179013","0.252983946","0.989334969","1.936042825","5.688147323","13.9395488232698","18.2371097828416","22.389797417113","26.4083344703588","30.2980462088488","32.3590147531561","33.5157146807209","35.05","34.51","33.99","42","50","58","66","70","74.00175279141","NA","82.0058408035186","NA","NA"
Individuals using the Internet (% of population),"IT.NET.USER.ZS","New Zealand","NZL","NA","0","NA","0.285941241","0.631215367","3.168718848","4.88424078","8.041899368","14.6015244","31.63626081","41.49448266","47.3795565432096","53.2410152941279","59.0807532812931","60.9625398663824","61.8476278106481","62.7202123689541","69","69.76","72.03","79.7","80.46","81.23","81.644470179502","82.78","85.5","88.22288881795","88.470186347099","90.8110930723827","NA","NA"
Individuals using the Internet (% of population),"IT.NET.USER.ZS","Nicaragua","NIC","NA","0","NA","NA","NA","0.013166228","0.030046478","0.084093291","0.206216818","0.303808975","0.497901643","0.980216486692385","1.44879942820716","1.71472958428668","1.88041253242301","2.32066460863941","2.56635117656203","2.8055730627337","3.9","5.3","7.3","10","10.6","13.5","15.5","17.6","19.704291498993","24.5718339595365","27.8630400087748","NA","NA"
Individuals using the Internet (% of population),"IT.NET.USER.ZS","Niger","NER","NA","0","NA","NA","NA","NA","NA","0.001039305","0.002008766","0.002911503","0.028136022","0.0362612938065891","0.10518543139701","0.127152468779619","0.155698703668983","0.189933733703092","0.221341351487395","0.294033977096223","0.390390619762082","0.7","0.76","0.83","0.9","1.05","1.15","1.24867568902241","2.476219975","4.32275803028068","10.22431156","5.25048768669473","NA"
Individuals using the Internet (% of population),"IT.NET.USER.ZS","Nigeria","NGA","NA","0","NA","NA","NA","NA","NA","0.00883298","0.017237401","0.025231461","0.041038723","0.0640808079494101","0.089901370457273","0.320461975542327","0.558576244860521","1.28613764134527","3.54915571796492","5.54503608300536","6.77","8","9.3","11.5","13.8","16.1","19.1","21","36","25.67","42","NA","NA"
Individuals using the Internet (% of population),"IT.NET.USER.ZS","North Macedonia","MKD","NA","0","NA","NA","NA","NA","0.04074384","0.075995734","0.503985009","1.002861666","1.49733026","2.48556631640066","3.46818460849398","17.33","19.07","24.44","26.45","28.62","36.3","46.04","51.77","51.9","56.7","57.449947312961","65.24","68.06","70.3802","72.15681447","74.51682418","79.1677551850871","NA"
Individuals using the Internet (% of population),"IT.NET.USER.ZS","Northern Mariana Islands","MNP","NA","0","NA","NA","NA","NA","NA","NA","NA","NA","NA","NA","NA","NA","NA","NA","NA","NA","NA","NA","NA","NA","NA","NA","NA","NA","NA","NA","NA","NA","NA"
Individuals using the Internet (% of population),"IT.NET.USER.ZS","Norway","NOR","NA","0.707299448","1.407395158","2.216365832","2.783990846","4.152450292","6.423220493","18.25031077","20.41788144","22.56011255","40","52","64","72.84","78.13","77.69","81.99","82.55","86.93","90.57","92.08","93.39","93.4899826515194","94.6499780533304","95.0534","96.3","96.8103","97.29820367","96.3576013","96.4916579887094","NA"
Individuals using the Internet (% of population),"IT.NET.USER.ZS","Oman","OMN","NA","0","NA","NA","NA","NA","NA","0","0.439792805","0.862725306","2.515665987","3.52042141651097","5.89384152148671","6.87339603918545","7.25574294536556","6.75885217024525","6.68358142020519","8.299716672503","16.68","20","26.8","35.8278","48","60","66.45","70.22","73.53","76.84539047","80.185635733257","NA","NA"
Individuals using the Internet (% of population),"IT.NET.USER.ZS","Pakistan","PAK","NA","0","NA","NA","NA","NA","0.000122702","0.00299173","0.027549238","0.043947719","0.055357238","NA","1.31855077925626","2.57742673683831","5.04115812592502","6.16432098534156","6.33232909830782","6.5","6.8","7","7.5","8","9","9.96","10.9","12","14","12.38544676","15.51","NA","NA"
Individuals using the Internet (% of population),"IT.NET.USER.ZS","Palau","PLW","NA","0","NA","NA","NA","NA","NA","NA","NA","NA","NA","NA","NA","20.243939470621","21.6015271777354","26.9703326341025","NA","NA","NA","NA","NA","NA","NA","NA","NA","NA","NA","NA","NA","NA","NA"
Individuals using the Internet (% of population),"IT.NET.USER.ZS","Panama","PAN","NA","0","NA","NA","NA","0.007636899","0.056123043","0.219998526","0.539065541","2.750648071","3.836864509","6.55479647729549","7.26839987788729","8.51807781515595","9.98742407723405","11.1408625409415","11.4840092783071","17.3495661695931","22.29","33.82","39.08","40.1","42.7","40.3018952210488","44.03","44.92","51.2054249948687","54","57.8650900656079","NA","NA"
Individuals using the Internet (% of population),"IT.NET.USER.ZS","Papua New Guinea","PNG","NA","0","NA","NA","NA","NA","NA","0.002067023","0.100588321","0.234958542","0.667113315","0.835249302427624","0.904103545170821","1.3216569348661","1.37440466802801","1.5079127722725","1.71619047556782","1.754487260668","1.79055936140245","1.15","1.61","1.28","2","3.5","5.1","6.5","7.9","9.60153846153846","11.2091965928578","NA","NA"
Individuals using the Internet (% of population),"IT.NET.USER.ZS","Paraguay","PRY","NA","0","NA","NA","NA","NA","NA","0.020359612","0.099576719","0.194904951","0.38165732","0.747630711548184","1.09879383569333","1.79496959770244","2.11194208210034","3.45243843137079","7.90700786141285","7.96207388394416","11.21","14.27","18.9","19.8","24.7635158793993","29.34","36.9","43","49.72","53.40412748","61.07575622","64.9935430235756","NA"
Individuals using the Internet (% of population),"IT.NET.USER.ZS","Peru","PER","NA","0","NA","NA","NA","0.008504578","0.033412305","0.24623258","0.403429701","1.19038044","1.952497608","3.07643061137675","7.57876295717419","8.96694917040028","11.6","14.1","17.1","20.7","25.2","30.57","31.4","34.77","36.01","38.2","39.2","40.2","40.8526009090468","45.46174069","48.72763146","52.5403101713654","NA"
Individuals using the Internet (% of population),"IT.NET.USER.ZS","Philippines","PHL","NA","0","NA","NA","NA","0.005844253","0.028585702","0.055946029","0.136912963","1.103405994","1.431608803","1.98225319605827","2.52400566008269","4.33227574643007","4.85767226708512","5.2436284521711","5.3976363293955","5.74058632534702","5.97","6.22","9","25","29","36.2351","48.099023589","49.6","36","55.5","60.0547603336913","NA","NA"
Individuals using the Internet (% of population),"IT.NET.USER.ZS","Poland","POL","NA","0","0.005229468","0.052127181","0.129961704","0.389098144","0.647752333","1.295200255","2.073465474","4.102272002","5.45644373","7.2854287080601","9.9006697073534","21.15","24.87","32.53","38.81","44.58","48.6","53.13","58.97","62.32","61.94999896898","62.3099972714691","62.8492","66.6","67.997","73.3007041","75.98536595","77.5417345350006","NA"
Individuals using the Internet (% of population),"IT.NET.USER.ZS","Portugal","PRT","NA","0","0.10023057","0.250426501","0.450161608","0.718905754","1.494334529","2.98087767","4.953001955","9.870446442","14.74233784","16.4304676923534","18.0871365595338","19.37","29.67","31.78","34.99","38.01","42.09","44.13","48.27","53.3","55.2499968797194","60.3399974868057","62.0956","64.59","68.6329","70.42356709","73.79121395","74.6609681128324","NA"
Individuals using the Internet (% of population),"IT.NET.USER.ZS","Puerto Rico","PRI","NA","0","NA","NA","NA","0.027254662","0.135102783","0.268160428","1.331822159","2.647646679","5.265682651","10.4746482089399","15.6300309162012","17.5476475654777","19.7070256578252","22.1307382347014","23.4000504486583","25.4424182102582","27.86","38","41.5","45.3","48","68.9999826014151","68.999990004","NA","63.47","68.6438072","70.59787359","NA","NA"
Individuals using the Internet (% of population),"IT.NET.USER.ZS","Qatar","QAT","NA","0","NA","NA","NA","NA","0.190209535","0.930185833","3.083749186","3.52002985","4.070728915","4.86367917875156","6.17026856093911","10.2261289281118","19.242336421002","20.701647851169","24.733493781051","28.9741127135829","37","44.3","53.1","69","69","69.3","85.3","91.49","92.8848264535481","95.1246621661148","97.3888491654164","99.6528491261175","NA"
Individuals using the Internet (% of population),"IT.NET.USER.ZS","Romania","ROU","NA","0","NA","NA","0.003703214","0.026300162","0.074952756","0.221622649","0.445444676","2.237649473","2.697580217","3.61371729139783","4.53866902895312","6.58","8.9","15","21.5","24.66","28.3","32.42","36.6","39.93","40.0099967810008","45.8799942529424","49.7645","54.08","55.7632","59.50395129","63.74728218","70.6812779273268","NA"
Individuals using the Internet (% of population),"IT.NET.USER.ZS","Russian Federation","RUS","NA","0","NA","0.000672532","0.013447238","0.053817493","0.148151042","0.26975293","0.472963763","0.812744451","1.018984614","1.97723010897647","2.94436778664985","4.12827181796644","8.29886061553908","12.8593889008474","15.2266731976522","18.0232774617216","24.66","26.83","29","43","49","63.8","67.97","70.52","70.1","73.09143462","76.00813853","80.8647214200397","NA"
Individuals using the Internet (% of population),"IT.NET.USER.ZS","Rwanda","RWA","NA","0","NA","NA","NA","NA","NA","0.000883372","0.001625791","0.011763573","0.067176482","0.0628314595107164","0.240672409832383","0.292784718792575","0.356918467272361","0.43085424337006","0.556041164839515","NA","2.11538717825754","4.5","7.7","8","7","8.02385427694765","9","10.6","18","20","21.7676326213782","NA","NA"
Individuals using the Internet (% of population),"IT.NET.USER.ZS","Samoa","WSM","NA","0","NA","NA","NA","NA","NA","NA","0.174571863","0.230359015","0.285308333","0.566392532680849","1.68990283058724","2.24483267578443","2.79963044878076","3.07552941044897","3.35259211246829","4.46917387320954","4.74998323535329","5.03161531623702","6","7","11","12.92249","15.3","21.2","25.407009766593","29.4117301129981","33.6109393195046","NA","NA"
Individuals using the Internet (% of population),"IT.NET.USER.ZS","San Marino","SMR","NA","0","NA","NA","NA","NA","1.362132711","1.428075186","1.41854848","1.408557941","42.80331575","48.7994953055999","50.3416690898517","50.8348399446985","50.003453038674","50.5663430420712","50.2595641966736","50.2086593635889","50.3648221088655","54.52","54.21","NA","49.6","NA","NA","NA","NA","NA","60.1823012607528","NA","NA"
Individuals using the Internet (% of population),"IT.NET.USER.ZS","Sao Tome and Principe","STP","NA","0","NA","NA","NA","NA","NA","NA","NA","0.295847047","0.363203161","4.6385168164075","6.31091788794615","7.580665168911","10.1618443069961","13.3228526892178","13.759484215906","14.1820197774712","14.5904831987414","15.48","16.41","18.75","20.1612","21.5724","23","24.41","25.82","28","29.9312292018213","NA","NA"
Individuals using the Internet (% of population),"IT.NET.USER.ZS","Saudi Arabia","SAU","NA","0","NA","NA","NA","NA","0.010956134","0.026732651","0.052099031","0.101429893","0.49358534","2.21069180908888","4.6810531658103","6.38470501955932","8.00158289090878","10.2345329969583","12.7050359882849","19.4595543513634","30","36","38","41","47.5","54","60.5","64.713657369019","69.6162358014004","74.87927469","82.12000121","93.3100018480347","NA"
Individuals using the Internet (% of population),"IT.NET.USER.ZS","Senegal","SEN","NA","0","NA","NA","NA","NA","0.000692848","0.011238219","0.027347441","0.079871379","0.311090952","0.403967485868965","0.983794058848003","1.00645453672323","2.10143642986685","4.38602398008563","4.78668408310535","5.61173865217952","6.89","7.12","7.5","8","9.8","10.8","13.1","17.7","27","25.6647680413953","46","NA","NA"
Individuals using the Internet (% of population),"IT.NET.USER.ZS","Serbia","SRB","NA","NA","NA","NA","NA","NA","NA","NA","NA","NA","NA","NA","NA","NA","NA","23.5","26.3","27.2","33.15","35.6","38.1","40.9","42.2","48.1","53.450364175","62.0750804639377","65.3170254003801","67.05684137","70.33083553","73.360709154564","NA"
Individuals using the Internet (% of population),"IT.NET.USER.ZS","Seychelles","SYC","NA","0","NA","NA","NA","NA","NA","0.651474286","1.28295593","2.526177514","6.229054803","7.39562918315276","11.0151029300174","14.3041708309972","14.5925043169492","24.2721392249906","25.4132681462836","34.95197117065","38.38","40.44","NA","41","43.16400446","47.076","50.4","51.25470199","54.25961786","56.5147081470678","58.769811242531","NA","NA"
Individuals using the Internet (% of population),"IT.NET.USER.ZS","Sierra Leone","SLE","NA","0","NA","NA","0","0","0","0.002506116","0.004987835","0.014805065","0.048490656","0.118254245682183","0.160264445493032","0.176198956814076","0.190173281668183","0.203007680592588","0.215391610340129","0.227669467190838","0.239834698546233","0.25","0.26","0.58","0.9","2.5","4","6.057298984","6.344421603","11.77318438","9","NA","NA"
Individuals using the Internet (% of population),"IT.NET.USER.ZS","Singapore","SGP","NA","0","0.161504498","0.471368155","0.763278139","1.185203797","2.873418722","8.34995903","13.47162042","19.59076716","24.15543693","36","41.6704251756041","47","53.8379432881911","62","61","59","69.9","69","69","71","71","72","80.90205685","79.0292358633435","79.0129570025584","84.45226789","84.44953878","88.1656360313447","NA"
Individuals using the Internet (% of population),"IT.NET.USER.ZS","Sint Maarten (Dutch part)","SXM","NA","NA","NA","NA","NA","NA","NA","NA","NA","NA","NA","NA","NA","NA","NA","NA","NA","NA","NA","NA","NA","NA","NA","NA","NA","NA","NA","NA","NA","NA","NA"
Individuals using the Internet (% of population),"IT.NET.USER.ZS","Slovak Republic","SVK","NA","0","NA","NA","0.127829232","0.318509704","0.523210163","0.783290109","1.173381014","2.689809786","5.437758139","9.42680320061637","12.5283218484637","40.14","43.04","52.89","55.19","56.08","61.8","66.05","70","75.71","74.4399971746757","76.7099901181121","77.8826","79.98","77.6347","80.47585728","81.62566752","80.660335563768","NA"
Individuals using the Internet (% of population),"IT.NET.USER.ZS","Slovenia","SVN","NA","0","NA","NA","0.409792399","1.071570172","2.898985609","5.072272271","7.591923004","10.10460285","12.61093843","15.1102595640388","30.1759104700854","27.8388854180687","31.8547930120441","40.81","46.81","54.01","56.74","58","64","70","67.3399948092396","68.3499745287825","72.6756","71.59","73.0987","75.49850426","78.88542636","79.7499765956562","NA"
Individuals using the Internet (% of population),"IT.NET.USER.ZS","Solomon Islands","SLB","NA","0","NA","NA","NA","NA","0.02487191","0.268683585","0.391923246","0.508292797","0.494541498","0.481296806114395","0.468551963584141","0.501919843401009","0.555609881855115","0.64967267325146","0.844307572805697","1.64634798857435","2","3","4","5","6","6.9974","8","9","10.000464982561","11.000902271205","11.9242290619686","NA","NA"
Individuals using the Internet (% of population),"IT.NET.USER.ZS","Somalia","SOM","NA","0","NA","NA","NA","NA","0","0.00150955","0.002948713","0.00716442","0.013910394","0.02","0.0790391786670095","0.115614213354469","0.376198002539086","1.05345474358422","1.07732783912096","1.10021636808277","1.12223562161375","1.14268737216185","1.16061054246061","NA","1.25","1.3767","1.5","1.63","1.76","1.88","2.00404869843096","NA","NA"
Individuals using the Internet (% of population),"IT.NET.USER.ZS","South Africa","ZAF","NA","0","0.013283591","0.038869106","0.113747184","0.246905533","0.676740104","0.841882931","1.632093791","2.906220867","4.116249583","5.34855973203537","6.34661931839768","6.71032243705404","7.00769172611251","8.4251186825406","7.48854252992921","7.60713967477381","8.06537517355504","8.43","10","24","33.97","41","46.5","49","51.919115722747","54","56.1673944673383","NA","NA"
Individuals using the Internet (% of population),"IT.NET.USER.ZS","South Sudan","SSD","NA","NA","NA","NA","NA","NA","NA","NA","NA","NA","NA","NA","NA","NA","NA","NA","NA","NA","NA","NA","NA","NA","NA","NA","3.829969245","4.51615373","5.5","6.6797280510287","7.97742890716027","NA","NA"
Individuals using the Internet (% of population),"IT.NET.USER.ZS","Spain","ESP","NA","0.012873564","0.025686194","0.076845453","0.127689668","0.280069738","0.380800728","1.331847404","2.803319625","4.361892394","7.085039678","13.6249608089899","18.1487226902932","20.39","39.93","44.01","47.88","50.37","55.11","59.6","62.4","65.8","67.0899993926581","69.8099999420024","71.635","76.19","78.6896","80.56133294","84.6022428","86.1072355256591","NA"
Individuals using the Internet (% of population),"IT.NET.USER.ZS","Sri Lanka","LKA","NA","0","NA","NA","NA","0.002765448","0.005484436","0.054464499","0.162464548","0.296351104","0.348414425","0.647410010940963","0.793821864362622","1.05042270585318","1.45858022842408","1.44615998041486","1.79204679392588","2.53756612897332","3.88","5.8","8.78","12","15","18.2854","21.9","25.8","12.1","16.4","34.1133478999619","NA","NA"
Individuals using the Internet (% of population),"IT.NET.USER.ZS","St. Kitts and Nevis","KNA","NA","0","NA","NA","NA","NA","NA","1.945569823","2.258559942","3.343810607","4.400440044","5.86281024037522","7.71472655580319","21.152381758186","22.9697842928439","24.7376775443732","34","38.5","43.5","49.2","55.7","63","63.2","64","64.6","68","75.7","76.8176749076294","80.710190808323","NA","NA"
Individuals using the Internet (% of population),"IT.NET.USER.ZS","St. Lucia","LCA","NA","0","NA","NA","NA","NA","0.305656686","0.670465974","0.992168483","1.304988973","1.932105802","5.09048334139327","8.18186395448366","14.6418357746777","20.9824734633424","21.395212362765","21.5675829464215","24.5","27.9","30","31","32.5","34","34.82","36","39.7","42.530930474403","46.7290780591803","50.8152447764038","NA","NA"
Individuals using the Internet (% of population),"IT.NET.USER.ZS","St. Martin (French part)","MAF","NA","NA","NA","NA","NA","NA","NA","NA","NA","NA","NA","NA","NA","NA","NA","NA","NA","NA","NA","NA","NA","NA","NA","NA","NA","NA","NA","NA","NA","NA","NA"
Individuals using the Internet (% of population),"IT.NET.USER.ZS","St. Vincent and the Grenadines","VCT","NA","0","NA","NA","NA","NA","0.128634622","0.483248317","0.926371957","1.853997683","2.7820023","3.24503741064558","5.09480977832946","5.54959487957379","6.46227416659743","7.37116584201749","9.19827808234299","12","16","21","31","33.7","36.7","40","43.5","47.4","17.1320665213147","20.68943522","22.0042779775179","22.39426119213","NA"
Individuals using the Internet (% of population),"IT.NET.USER.ZS","Sudan","SDN","NA","0","NA","NA","NA","0","0","0","0.001231819","0.004805071","0.008794581","0.0257850324762484","0.140185224494161","0.439477639075583","0.538471703150458","0.791561615446385","1.29204067798853","NA","8.66","NA","NA","16.7","17.46","21","22.7","24.64","26.61","14.09999994","30.8702957284927","NA","NA"
Individuals using the Internet (% of population),"IT.NET.USER.ZS","Suriname","SUR","NA","0","NA","NA","NA","NA","0.114720735","0.226306297","1.003086936","1.670148436","1.891871357","2.50641105226881","3.06444838873752","4.1615687449541","4.71987539528956","6.0760478144456","6.40308628759062","9.49962694173364","14.11","21.06","31.36","31.59","32","34.6812","37.4","40.08","42.763827782511","45.4","48.9451739738554","NA","NA"
Individuals using the Internet (% of population),"IT.NET.USER.ZS","Sweden","SWE","NA","0.584192066","1.160519453","1.497871352","1.716364182","3.412810096","5.098024244","9.04359976","23.72794756","33.46751233","41.43278316","45.6876522122282","51.7656649372808","70.57","79.13","83.89","84.83","87.76","82.01","90","91","90","92.7699860554046","93.1799880065108","94.7836","92.52","90.6102","89.65094761","95.51006745","92.1416770535508","NA"
Individuals using the Internet (% of population),"IT.NET.USER.ZS","Switzerland","CHE","NA","0.595714223","1.17995597","1.751713322","2.167270203","2.720004329","3.552007211","4.549656748","15.1","24.8","34","47.1","55.1","61.4","65.1","67.8","70.1","75.7","77.2","79.2","81.3","83.9","85.1930281804854","85.2","86.34","87.4","87.4790555978675","89.13468774","89.68614767","NA","NA"
Individuals using the Internet (% of population),"IT.NET.USER.ZS","Syrian Arab Republic","SYR","0","0","0","0","0","0","0","0","0.032607814","0.063687286","0.124295462","0.181698580104333","0.353759130007247","2.09310101861765","3.39797261356623","4.32159377785571","5.64810604883917","7.83255156888787","11.5","14","17.3","20.7","22.5","24.3001","26.2","28.09","29.979797235769","31.869627268866","34.2534019252321","NA","NA"
Individuals using the Internet (% of population),"IT.NET.USER.ZS","Tajikistan","TJK","NA","0","NA","NA","NA","NA","NA","NA","NA","NA","0.032791858","0.048599594582182","0.0512591325352927","0.0554628269910006","0.0645837771508553","0.0774799071356825","0.298690023682825","3.77240620666448","7.19761951797855","8.78","10.07","11.55","13.03","14.51","16","17.49","18.980000000495","20.470000000055","21.959999999615","NA","NA"
Individuals using the Internet (% of population),"IT.NET.USER.ZS","Tanzania","TZA","NA","0","NA","NA","NA","NA","NA","0.001622155","0.007900283","0.009244125","0.075130889","0.11719444010825","0.171300350668948","0.222484413923909","0.676962856510303","0.87757497099259","1.1","1.3","1.6","1.9","2.4","2.9","3.2","3.95","4.4","7","20","13","25","NA","NA"
Individuals using the Internet (% of population),"IT.NET.USER.ZS","Thailand","THA","0","0","5.22E-05","0.000343725","0.013580966","0.038614321","0.074825338","0.115472136","0.360522185","1.091218985","2.426242432","3.68904127944164","5.55632612097332","7.53125033488567","9.29902723805965","10.6773033237281","15.0260043588909","17.1607147169285","20.03","18.2","20.1","22.4","23.669925618731","26.46","28.94","34.89","39.3161267365004","47.50496562","52.89192934","56.8174809301456","NA"
Individuals using the Internet (% of population),"IT.NET.USER.ZS","Timor-Leste","TLS","NA","0","NA","NA","NA","NA","NA","NA","NA","NA","NA","NA","NA","0","NA","NA","0.0990317678179026","0.5","1","1.5","2","3","4","7","11","17.5","23","25.24624959","27.4927317258886","NA","NA"
Individuals using the Internet (% of population),"IT.NET.USER.ZS","Togo","TGO","0","0","0","0","0","0","0","0.010929139","0.211139465","0.305583935","0.590363264","0.8","0.9","1","1.2","1.5","1.8","2","2.2","2.4","2.6","3","3.5","4","4.5","5.7","7.12","11.31","12.36022497","NA","NA"
Individuals using the Internet (% of population),"IT.NET.USER.ZS","Tonga","TON","NA","0","NA","NA","NA","NA","0.12323112","0.163793456","0.510866122","0.765134358","1.01796712","2.4343980443669","2.82537183911525","2.90729731626382","2.98581736750435","3.95237389457043","4.90778276190383","5.85394409483389","7.17986532901248","8.11076994380395","10","16","25","30","32.75396061","35.95444145","38.65127243","39.95","41.248727643705","NA","NA"
Individuals using the Internet (% of population),"IT.NET.USER.ZS","Trinidad and Tobago","TTO","NA","0","NA","NA","NA","NA","0.158149899","0.393080525","1.173174658","2.724825339","5.814250962","7.72141147401745","15.384627218944","21.9986754804449","25.9717641091609","27.0242700782714","28.9767124326784","30.0037485791676","32.3","34.8","44.3","48.5","55.2","59.5162","63.8","65.1","69.198470608693","73.296941218486","77.3260529262867","NA","NA"
Individuals using the Internet (% of population),"IT.NET.USER.ZS","Tunisia","TUN","NA","0","NA","NA","NA","0.007379544","0.011191954","0.027615372","0.043656974","0.107940957","1.602494764","2.75074029298135","4.29796603474685","5.25288729548421","6.49084579532797","8.52881775162591","9.65508654217982","12.9864086534204","17.1","27.53","34.07","36.8","39.1","41.4416","43.8","46.16","46.5","49.59999484","64.1908102327387","64.1908102327387","NA"
Individuals using the Internet (% of population),"IT.NET.USER.ZS","Turkey","TUR","NA","0","NA","NA","0.008457732","0.049869182","0.081691205","0.192724936","0.473695432","0.698805129","2.292117685","3.761685035075","5.18948146078506","11.38","12.33","14.58","15.46","18.24","28.63","34.37","36.4","39.82","43.065710430925","45.13","46.25","51.04","53.7449791423583","58.34773401","64.68461768","71.0427610728292","NA"
Individuals using the Internet (% of population),"IT.NET.USER.ZS","Turkmenistan","TKM","NA","0","NA","NA","NA","NA","NA","NA","NA","NA","0.04502077","0.13328218259348","0.175209517731422","0.302132016152841","0.425182631884743","0.754053982724623","0.997256558542959","1.3195731180963","1.40636068812023","1.75","1.95","3","5","7.1958","9.6","12.2","14.996774820447","17.990324461341","21.2509974103691","NA","NA"
Individuals using the Internet (% of population),"IT.NET.USER.ZS","Turks and Caicos Islands","TCA","NA","0","NA","NA","NA","NA","NA","NA","NA","NA","NA","NA","NA","NA","NA","NA","NA","NA","NA","NA","NA","NA","NA","NA","NA","NA","NA","NA","NA","NA","NA"
Individuals using the Internet (% of population),"IT.NET.USER.ZS","Tuvalu","TUV","NA","0","NA","NA","NA","NA","NA","NA","NA","NA","NA","5.24163958486214","NA","NA","NA","NA","NA","NA","10","15","20","25","30","35","37","39.2","42.7","46.0091515110578","49.3183386210322","NA","NA"
Individuals using the Internet (% of population),"IT.NET.USER.ZS","Uganda","UGA","NA","0","NA","NA","NA","NA","0.002863471","0.004625948","0.010319341","0.065289465","0.10554394","0.163714063074854","0.237945087191408","0.384093504951945","0.464849840113968","0.719970679914031","1.7422055032439","2.52936303826279","3.67196535074744","7.9","9.78","12.5","13.01354333","14.1","15.5","16.9","17.83485947","21.87617046","23.7065309106142","NA","NA"
Individuals using the Internet (% of population),"IT.NET.USER.ZS","Ukraine","UKR","NA","0","NA","NA","0.00077697","0.013641246","0.043083985","0.098580381","0.198821885","0.301075792","0.405385448","0.716183762031043","1.23875954748114","1.87388511643427","3.14812758815439","3.4894778812677","3.749764414659","4.50612456357379","6.55","11","17.9","23.3","28.7082628400713","35.27","40.954128997","46.2359754571651","48.8846436813218","53","58.88947945","62.5531553933869","NA"
Individuals using the Internet (% of population),"IT.NET.USER.ZS","United Arab Emirates","ARE","NA","0","NA","NA","NA","NA","0.102939175","0.375393534","3.295592694","6.908302986","14.94269899","23.6253008751553","26.2717542010006","28.3164853110439","29.4779534120864","30.1312961695367","40","52","61","63","64","68","78","84.9999915049492","88","90.4","90.5","90.60000732","94.81992254","98.4500017817194","NA"
Individuals using the Internet (% of population),"IT.NET.USER.ZS","United Kingdom","GBR","NA","0.087355319","0.174230922","0.260615159","0.519762001","1.036609166","1.895168284","4.123650336","7.385398957","13.6699831","21.29363827","26.8217543508578","33.4810948744147","56.48","64.82","65.61","70","68.82","75.09","78.39","83.56","85","85.3799985496322","87.4799984242111","89.8441","91.61","92.0003","94.77580063","94.62","94.8967417605954","NA"
Individuals using the Internet (% of population),"IT.NET.USER.ZS","United States","USA","NA","0.784728502","1.163193726","1.724202539","2.271673294","4.862780635","9.237088297","16.41935296","21.61640097","30.09319659","35.84872446","43.0791626375201","49.0808315896951","58.7854038836952","61.6971171244207","64.7582564759896","67.968052915002","68.9311932699721","75","74","71","71.69","69.7294607619268","74.7","71.4","73","74.5542024462761","85.5444212887222","87.2661128245915","NA","NA"
Individuals using the Internet (% of population),"IT.NET.USER.ZS","Uruguay","URY","NA","0","NA","NA","NA","0.062474386","0.310128582","1.847472089","3.363239668","6.987069365","9.972765285","10.5390577480141","11.1214376832783","11.4194701966853","15.9371367159756","17.0630983403661","20.0881895579305","29.4","34","39.3","41.8","46.4","51.4046610563616","54.453768680746","57.69","61.46","64.5707870971624","66.4","68.279662557636","74.7671347261997","NA"
Individuals using the Internet (% of population),"IT.NET.USER.ZS","Uzbekistan","UZB","NA","0","NA","NA","NA","NA","0.001527093","0.004285074","0.010536935","0.020754437","0.030688343","0.484347307694947","0.597567993875805","1.08193974248733","1.91259517784997","2.59372542084924","3.34350988825952","6.38832196706805","7.49060468138629","9.0801145234501","11.9","15.9","18.6","23.6","26.8","35.5","42.8","46.7912869407806","52.3051007893576","55.2","NA"
Individuals using the Internet (% of population),"IT.NET.USER.ZS","Vanuatu","VUT","NA","0","NA","NA","NA","NA","NA","0.056845636","0.139505815","0.274185942","0.538300048","2.10833689115184","2.83057223877678","3.51003871071264","3.90329584542948","4.74660261917533","5.08233380768449","5.85058505850585","6.8","7.26911992337492","7.5","8","9.2","10.598","11.3","18.8","22.351404582536","24","25.719787835664","NA","NA"
Individuals using the Internet (% of population),"IT.NET.USER.ZS","Venezuela, RB","VEN","NA","0","NA","0.012082134","0.041587233","0.055486978","0.122214848","0.24826058","0.390959318","1.383990391","2.839825767","3.3595974645036","4.63600094778677","4.91044632720325","7.49996346522407","8.40446959241215","12.5529979098299","15.2247114771787","20.83","25.88","32.7","37.37","40.22","49.0500830729861","54.9","57","64","60","72","NA","NA"
Individuals using the Internet (% of population),"IT.NET.USER.ZS","Vietnam","VNM","NA","0","NA","NA","NA","NA","NA","0.000134813","0.003981962","0.013078543","0.128926663","0.254248275754934","1.26565123612317","1.85499923592581","3.78028081370641","7.64240852842363","12.7399292907031","17.2545617186662","20.7554447679753","23.92","26.55","30.65","35.07","36.8","38.5","41","45","53","58.1400000036297","70.3496355762121","NA"
Individuals using the Internet (% of population),"IT.NET.USER.ZS","Virgin Islands (U.S.)","VIR","NA","0","NA","NA","NA","0.940645283","2.801957634","4.647185664","6.948368986","9.245220221","11.07460593","13.8150805419196","18.3757660397468","27.4944323774436","27.4290729887632","27.3770087880198","27.3443196733265","27.3326105376325","27.3393358364014","27.3617774210613","27.3965096846662","31.22","35.6","40.5479","45.3","50.07","54.839137296","59.60831579895","64.3774942980087","NA","NA"
Individuals using the Internet (% of population),"IT.NET.USER.ZS","West Bank and Gaza","PSE","NA","0","NA","NA","NA","NA","NA","NA","NA","NA","NA","1.11130620708969","1.83685483917877","3.10009223512517","4.13061635632919","4.40090482603223","16.005","18.41","21.176","24.358","32.23","37.4","41.08","43.4","46.6","53.67","57.42419241388","61.17838482746","65.2","64.3999937114499","NA"
Individuals using the Internet (% of population),"IT.NET.USER.ZS","Yemen, Rep.","YEM","NA","0","NA","NA","NA","NA","NA","0.000621081","0.015025295","0.023323243","0.056628675","0.0825003865143108","0.0908024587169292","0.518796032123435","0.604734100431821","0.881222988679516","1.04859793417826","1.24782404904485","5.01","6.89","9.96","12.35","14.905","17.4465","20","22.55","24.08540947","24.5792083636211","26.7183547662977","NA","NA"
Individuals using the Internet (% of population),"IT.NET.USER.ZS","Zambia","ZMB","NA","0","NA","NA","NA","0.006776105","0.008783623","0.009069176","0.009329658","0.030226183","0.147053172","0.191071642503428","0.233129556342332","0.477750906947484","0.980483039426114","2.01354953218533","2.85175226129009","4.15991339393107","4.87","5.55","6.31","10","11.5","13.4682","15.4","19","21","25.5065788475702","27.8525791041788","14.2999970950012","NA"
Individuals using the Internet (% of population),"IT.NET.USER.ZS","Zimbabwe","ZWE","NA","0","NA","NA","NA","0.00173928","0.00768354","0.016790484","0.033080327","0.081648476","0.161675528","0.401433535211582","0.799846045633137","1.1","1.8","2.1","2.4","2.4","3","3.5","4","6.4","8.4","12","15.5","16.3647399572904","22.7428181020497","23.11998904","27.0554876878336","NA","NA"
,"","","","","","","","","","","","","","","","","","","","","","","","","","","","","","","","","",""
,"","","","","","","","","","","","","","","","","","","","","","","","","","","","","","","","","",""
,"","","","","","","","","","","","","","","","","","","","","","","","","","","","","","","","","",""
Data from database: World Development Indicators,"","","","","","","","","","","","","","","","","","","","","","","","","","","","","","","","","",""
Last Updated: 04/09/2020,"","","","","","","","","","","","","","","","","","","","","","","","","","","","","","","","","",""
